ссылка,название,картинка
https://ru.shein.com//High-Waist-Solid-Pleated-Skirt-p-2977709-cat-1732.html?scici=navbar_WomenHomePage~~tab01navbar04menu03dir01~~4_3_1~~real_1732~~~~0,Юбка в складку с высокой талией,https://sheinsz.ltwebstatic.com/she_dist/images/bg-grey-ba96515e9b.png
https://ru.shein.com//Zip-Side-Pleated-Skirt-p-2311440-cat-1732.html?scici=navbar_WomenHomePage~~tab01navbar04menu03dir01~~4_3_1~~real_1732~~~~0,Юбка с молнией,https://sheinsz.ltwebstatic.com/she_dist/images/bg-grey-ba96515e9b.png
https://ru.shein.com//All-Over-Print-Split-Thigh-Skirt-p-1732021-cat-1732.html?scici=navbar_WomenHomePage~~tab01navbar04menu03dir01~~4_3_1~~real_1732~~~~0,Юбка с принтом и разрезом,https://sheinsz.ltwebstatic.com/she_dist/images/bg-grey-ba96515e9b.png
https://ru.shein.com//Allover-Print-Split-Thigh-Skirt-p-1991925-cat-1732.html?scici=navbar_WomenHomePage~~tab01navbar04menu03dir01~~4_3_1~~real_1732~~~~0,Юбка с принтом высоким разрезом,https://sheinsz.ltwebstatic.com/she_dist/images/bg-grey-ba96515e9b.png
https://ru.shein.com//DAZY-Elastic-Waist-Corduroy-Skirt-p-6085767-cat-1732.html?scici=navbar_WomenHomePage~~tab01navbar04menu03dir01~~4_3_1~~real_1732~~~~0,DAZY Юбка с эластичной талией из вельвета,https://sheinsz.ltwebstatic.com/she_dist/images/bg-grey-ba96515e9b.png
https://ru.shein.com//Pocket-Detail-Buckle-Tape-Skirt-p-8750562-cat-1732.html?scici=navbar_WomenHomePage~~tab01navbar04menu03dir01~~4_3_1~~real_1732~~~~0,Юбка с карманом с пряжкой,https://sheinsz.ltwebstatic.com/she_dist/images/bg-grey-ba96515e9b.png
https://ru.shein.com//SHEIN-Lettuce-Trim-Ditsy-Floral-Mesh-Skirt-p-1283559-cat-1732.html?scici=navbar_WomenHomePage~~tab01navbar04menu03dir01~~4_3_1~~real_1732~~~~0,SHEIN Сетчатая юбка с цветочным принтом,https://sheinsz.ltwebstatic.com/she_dist/images/bg-grey-ba96515e9b.png
https://ru.shein.com//DAZY-Solid-Split-Front-Skirt-p-2568758-cat-1732.html?scici=navbar_WomenHomePage~~tab01navbar04menu03dir01~~4_3_1~~real_1732~~~~0,DAZY Юбка с разрезом,https://sheinsz.ltwebstatic.com/she_dist/images/bg-grey-ba96515e9b.png
https://ru.shein.com//High-Waisted-Split-Thigh-Skirt-p-2232118-cat-1732.html?scici=navbar_WomenHomePage~~tab01navbar04menu03dir01~~4_3_1~~real_1732~~~~0,Юбка с высокой талией и разрезом,https://sheinsz.ltwebstatic.com/she_dist/images/bg-grey-ba96515e9b.png
https://ru.shein.com//High-Waist-Houndstooth-Skirt-p-1702713-cat-1732.html?scici=navbar_WomenHomePage~~tab01navbar04menu03dir01~~4_3_1~~real_1732~~~~0,"Юбка с узором ""хаундстут"" и высокой талией",https://sheinsz.ltwebstatic.com/she_dist/images/bg-grey-ba96515e9b.png
https://ru.shein.com//ROMWE-Solid-Pleated-Skirt-p-8188102-cat-1732.html?scici=navbar_WomenHomePage~~tab01navbar04menu03dir01~~4_3_1~~real_1732~~~~0,ROMWE Одноцветный Повседневный Женские юбки,https://sheinsz.ltwebstatic.com/she_dist/images/bg-grey-ba96515e9b.png
https://ru.shein.com//SHEIN-Cat-Print-Satin-Skirt-p-8709337-cat-1732.html?scici=navbar_WomenHomePage~~tab01navbar04menu03dir01~~4_3_1~~real_1732~~~~0,SHEIN Юбка с принтом кошки из атласа,https://sheinsz.ltwebstatic.com/she_dist/images/bg-grey-ba96515e9b.png
https://ru.shein.com//DAZY-Allover-Floral-High-Waist-Skirt-p-3048945-cat-1732.html?scici=navbar_WomenHomePage~~tab01navbar04menu03dir01~~4_3_1~~real_1732~~~~0,DAZY Юбка с цветочным принтом и высокой талией,https://sheinsz.ltwebstatic.com/she_dist/images/bg-grey-ba96515e9b.png
https://ru.shein.com//Zip-Back-Pleated-Skirt-p-2552221-cat-1732.html?scici=navbar_WomenHomePage~~tab01navbar04menu03dir01~~4_3_1~~real_1732~~~~0,Плиссированная юбка с молнией сзади,https://sheinsz.ltwebstatic.com/she_dist/images/bg-grey-ba96515e9b.png
https://ru.shein.com//High-Waist-Belted-Plaid-Skirt-p-1797826-cat-1732.html?scici=navbar_WomenHomePage~~tab01navbar04menu03dir01~~4_3_1~~real_1732~~~~0,Юбка в клетку с высокой талией и поясом,https://sheinsz.ltwebstatic.com/she_dist/images/bg-grey-ba96515e9b.png
https://ru.shein.com//Tartan-Print-Mini-Pleated-Skirt-p-2027011-cat-1732.html?scici=navbar_WomenHomePage~~tab01navbar04menu03dir01~~4_3_1~~real_1732~~~~0,Юбка мини в клетку,https://sheinsz.ltwebstatic.com/she_dist/images/bg-grey-ba96515e9b.png
https://ru.shein.com//ROMWE-Solid-Contrast-Lace-Skirt-p-9828486-cat-1732.html?scici=navbar_WomenHomePage~~tab01navbar04menu03dir01~~4_3_1~~real_1732~~~~0,ROMWE Юбка однотонный с кружевной отделкой,https://sheinsz.ltwebstatic.com/she_dist/images/bg-grey-ba96515e9b.png
https://ru.shein.com//DAZY-High-Waist-Pleated-Skirt-p-3962486-cat-1732.html?scici=navbar_WomenHomePage~~tab01navbar04menu03dir01~~4_3_1~~real_1732~~~~0,DAZY Юбка в складку с высокой талией,https://sheinsz.ltwebstatic.com/she_dist/images/bg-grey-ba96515e9b.png
https://ru.shein.com//Zip-Side-Tartan-Pleated-Skirt-p-1797843-cat-1732.html?scici=navbar_WomenHomePage~~tab01navbar04menu03dir01~~4_3_1~~real_1732~~~~0,Плиссированная юбка в клетку с молнией сбоку,https://sheinsz.ltwebstatic.com/she_dist/images/bg-grey-ba96515e9b.png
https://ru.shein.com//Polka-Dot-Split-Hem-Skirt-p-1242424-cat-1732.html?scici=navbar_WomenHomePage~~tab01navbar04menu03dir01~~4_3_1~~real_1732~~~~0,Юбка в горошек с разрезом,https://sheinsz.ltwebstatic.com/she_dist/images/bg-grey-ba96515e9b.png
https://ru.shein.com//Ditsy-Floral-Split-Thigh-Skirt-p-2794151-cat-1732.html?scici=navbar_WomenHomePage~~tab01navbar04menu03dir01~~4_3_1~~real_1732~~~~0,Юбка с цветочным принтом высоким разрезом,https://sheinsz.ltwebstatic.com/she_dist/images/bg-grey-ba96515e9b.png
https://ru.shein.com//ROMWE-Butterfly-Print-Frill-Trim-Skirt-p-9828389-cat-1732.html?scici=navbar_WomenHomePage~~tab01navbar04menu03dir01~~4_3_1~~real_1732~~~~0,ROMWE Юбка с принтом бабочки,https://sheinsz.ltwebstatic.com/she_dist/images/bg-grey-ba96515e9b.png
https://ru.shein.com//Solid-Pleated-Skirt-p-3502301-cat-1732.html?scici=navbar_WomenHomePage~~tab01navbar04menu03dir01~~4_3_1~~real_1732~~~~0,Однотонная плиссированная юбка,https://sheinsz.ltwebstatic.com/she_dist/images/bg-grey-ba96515e9b.png
https://ru.shein.com//High-Waist-Textured-Flare-Skirt-p-3323348-cat-1732.html?scici=navbar_WomenHomePage~~tab01navbar04menu03dir01~~4_3_1~~real_1732~~~~0,Расклешенная юбка с высокой талией текстурированный,https://sheinsz.ltwebstatic.com/she_dist/images/bg-grey-ba96515e9b.png
https://ru.shein.com//SHEIN-Tartan-Pleated-Skirt-p-1935595-cat-1732.html?scici=navbar_WomenHomePage~~tab01navbar04menu03dir01~~4_3_1~~real_1732~~~~0,SHEIN Юбка в клетку,https://sheinsz.ltwebstatic.com/she_dist/images/bg-grey-ba96515e9b.png
https://ru.shein.com//High-Split-Allover-Skirt-p-1829786-cat-1732.html?scici=navbar_WomenHomePage~~tab01navbar04menu03dir01~~4_3_1~~real_1732~~~~0,Юбка с высоким разрезом,https://sheinsz.ltwebstatic.com/she_dist/images/bg-grey-ba96515e9b.png
https://ru.shein.com//Solid-Split-Thigh-Skirt-p-1989159-cat-1732.html?scici=navbar_WomenHomePage~~tab01navbar04menu03dir01~~4_3_1~~real_1732~~~~0,Однотонная юбка с разрезом,https://sheinsz.ltwebstatic.com/she_dist/images/bg-grey-ba96515e9b.png
https://ru.shein.com//ROMWE-Plaid-Print-Skirt-p-9828354-cat-1732.html?scici=navbar_WomenHomePage~~tab01navbar04menu03dir01~~4_3_1~~real_1732~~~~0,ROMWE Юбка в клетку,https://sheinsz.ltwebstatic.com/she_dist/images/bg-grey-ba96515e9b.png
https://ru.shein.com//Solid-Split-Hem-Skirt-p-2840997-cat-1732.html?scici=navbar_WomenHomePage~~tab01navbar04menu03dir01~~4_3_1~~real_1732~~~~0,Юбка с разрезом,https://sheinsz.ltwebstatic.com/she_dist/images/bg-grey-ba96515e9b.png
https://ru.shein.com//Solid-Flared-Skirt-p-2246445-cat-1732.html?scici=navbar_WomenHomePage~~tab01navbar04menu03dir01~~4_3_1~~real_1732~~~~0,Однотонная расклешенная юбка,https://sheinsz.ltwebstatic.com/she_dist/images/bg-grey-ba96515e9b.png
https://ru.shein.com//SHEIN-High-Waist-Solid-Skirt-p-1849568-cat-1732.html?scici=navbar_WomenHomePage~~tab01navbar04menu03dir01~~4_3_1~~real_1732~~~~0,SHEIN на молнии Одноцветный Повседневный Юбки,https://sheinsz.ltwebstatic.com/she_dist/images/bg-grey-ba96515e9b.png
https://ru.shein.com//Solid-Pleated-Hem-Skirt-p-2694631-cat-1732.html?scici=navbar_WomenHomePage~~tab01navbar04menu03dir01~~4_3_1~~real_1732~~~~0,Однотонная плиссированная юбка,https://sheinsz.ltwebstatic.com/she_dist/images/bg-grey-ba96515e9b.png
https://ru.shein.com//Zip-Back-Houndstooth-Skirt-p-1686951-cat-1732.html?scici=navbar_WomenHomePage~~tab01navbar04menu03dir01~~4_3_1~~real_1732~~~~0,на молнии Ломаная клетка Элегантный Юбки,https://sheinsz.ltwebstatic.com/she_dist/images/bg-grey-ba96515e9b.png
https://ru.shein.com//Ribbon-Flap-Pockets-Belted-Pleated-Skirt-p-2272034-cat-1732.html?scici=navbar_WomenHomePage~~tab01navbar04menu03dir01~~4_3_1~~real_1732~~~~0,Юбка с поясом и карманами,https://sheinsz.ltwebstatic.com/she_dist/images/bg-grey-ba96515e9b.png
https://ru.shein.com//SHEIN-Plaid-Print-Flare-Skirt-p-2016515-cat-1732.html?scici=navbar_WomenHomePage~~tab01navbar04menu03dir01~~4_3_1~~real_1732~~~~0,SHEIN Юбка-клёш в клетку,https://sheinsz.ltwebstatic.com/she_dist/images/bg-grey-ba96515e9b.png
https://ru.shein.com//SHEIN-Button-Front-Solid-Skirt-p-8581662-cat-1732.html?scici=navbar_WomenHomePage~~tab01navbar04menu03dir01~~4_3_1~~real_1732~~~~0,SHEIN Юбка на пуговицах однотонный,https://sheinsz.ltwebstatic.com/she_dist/images/bg-grey-ba96515e9b.png
https://ru.shein.com//Ruffle-Hem-Ditsy-Floral-Skirt-p-2127401-cat-1732.html?scici=navbar_WomenHomePage~~tab01navbar04menu03dir01~~4_3_1~~real_1732~~~~0,Юбка с оборками с цветочным принтом,https://sheinsz.ltwebstatic.com/she_dist/images/bg-grey-ba96515e9b.png
https://ru.shein.com//Tartan-Plaid-Pleated-Skirt-p-2749438-cat-1732.html?scici=navbar_WomenHomePage~~tab01navbar04menu03dir01~~4_3_1~~real_1732~~~~0,Юбка в складку в клетку в клетку,https://sheinsz.ltwebstatic.com/she_dist/images/bg-grey-ba96515e9b.png
https://ru.shein.com//ROMWE-Plaid-Pleated-Skirt-p-5912427-cat-1732.html?scici=navbar_WomenHomePage~~tab01navbar04menu03dir01~~4_3_1~~real_1732~~~~0,ROMWE Юбка в складку в клетку,https://sheinsz.ltwebstatic.com/she_dist/images/bg-grey-ba96515e9b.png
https://ru.shein.com//DAZY-Solid-Long-Flare-Skirt-p-3636546-cat-1732.html?scici=navbar_WomenHomePage~~tab01navbar04menu03dir01~~4_3_1~~real_1732~~~~0,DAZY Одноцветный Повседневный Женские юбки,https://sheinsz.ltwebstatic.com/she_dist/images/bg-grey-ba96515e9b.png
https://ru.shein.com//DAZY-Solid-High-Waist-Flared-Dress-p-3070854-cat-1732.html?scici=navbar_WomenHomePage~~tab01navbar04menu03dir01~~4_3_1~~real_1732~~~~0,DAZY Платье с высокой талией,https://sheinsz.ltwebstatic.com/she_dist/images/bg-grey-ba96515e9b.png
https://ru.shein.com//ROMWE-Plaid-Pleated-Skirt-p-9828373-cat-1732.html?scici=navbar_WomenHomePage~~tab01navbar04menu03dir01~~4_3_1~~real_1732~~~~0,ROMWE Юбка в складку в клетку,https://sheinsz.ltwebstatic.com/she_dist/images/bg-grey-ba96515e9b.png
https://ru.shein.com//SHEIN-Self-Belted-Pocket-Front-Skirt-p-1849471-cat-1732.html?scici=navbar_WomenHomePage~~tab01navbar04menu03dir01~~4_3_1~~real_1732~~~~0,SHEIN Юбка с карманом и поясом,https://sheinsz.ltwebstatic.com/she_dist/images/bg-grey-ba96515e9b.png
https://ru.shein.com//Plaid-Asymmetrical-Tweed-Skirt-p-4102361-cat-1732.html?scici=navbar_WomenHomePage~~tab01navbar04menu03dir01~~4_3_1~~real_1732~~~~0,Юбка в клетку асимметричный из твида,https://sheinsz.ltwebstatic.com/she_dist/images/bg-grey-ba96515e9b.png
https://ru.shein.com//SHEIN-Zipper-Side-Split-Hem-Cord-Skirt-p-1797512-cat-1732.html?scici=navbar_WomenHomePage~~tab01navbar04menu03dir01~~4_3_1~~real_1732~~~~0,SHEIN на молнии Одноцветный Повседневный Юбки,https://sheinsz.ltwebstatic.com/she_dist/images/bg-grey-ba96515e9b.png
https://ru.shein.com//SHEIN-SXY-Elastic-Waist-Solid-Bodycon-Skirt-p-2989036-cat-1732.html?scici=navbar_WomenHomePage~~tab01navbar04menu03dir01~~4_3_1~~real_1732~~~~0,SHEIN SXY Облегающая юбка с эластичной талией,https://sheinsz.ltwebstatic.com/she_dist/images/bg-grey-ba96515e9b.png
https://ru.shein.com//SHEIN-Pleated-High-Rise-Mini-Skater-Skirt-p-1493321-cat-1732.html?scici=navbar_WomenHomePage~~tab01navbar04menu03dir01~~4_3_1~~real_1732~~~~0,SHEIN Юбка со складками,https://sheinsz.ltwebstatic.com/she_dist/images/bg-grey-ba96515e9b.png
https://ru.shein.com//ROMWE-Ditsy-Floral-Print-Knot-Skirt-p-9828483-cat-1732.html?scici=navbar_WomenHomePage~~tab01navbar04menu03dir01~~4_3_1~~real_1732~~~~0,ROMWE Юбка с цветочным принтом с узлом,https://sheinsz.ltwebstatic.com/she_dist/images/bg-grey-ba96515e9b.png
https://ru.shein.com//Striped-High-Waist-Pleated-Skirt-p-2080169-cat-1732.html?scici=navbar_WomenHomePage~~tab01navbar04menu03dir01~~4_3_1~~real_1732~~~~0,Юбка в складку в полоску с высокой талией,https://sheinsz.ltwebstatic.com/she_dist/images/bg-grey-ba96515e9b.png
https://ru.shein.com//Drawstring-Split-Hem-Bodycon-Skirt-p-2294490-cat-1732.html?scici=navbar_WomenHomePage~~tab01navbar04menu03dir01~~4_3_1~~real_1732~~~~0,Облегающая юбка на кулиске с разрезом,https://sheinsz.ltwebstatic.com/she_dist/images/bg-grey-ba96515e9b.png
https://ru.shein.com//2-In-1-Galaxy-Mesh-Skirt-p-2294355-cat-1732.html?scici=navbar_WomenHomePage~~tab01navbar04menu03dir01~~4_3_1~~real_1732~~~~0,2 в 1 Сетчатая юбка,https://sheinsz.ltwebstatic.com/she_dist/images/bg-grey-ba96515e9b.png
https://ru.shein.com//Plaid-Print-A-line-Skirt-p-2571433-cat-1732.html?scici=navbar_WomenHomePage~~tab01navbar04menu03dir01~~4_3_1~~real_1732~~~~0,Юбка А-силуэта в клетку,https://sheinsz.ltwebstatic.com/she_dist/images/bg-grey-ba96515e9b.png
https://ru.shein.com//SHEIN-SXY-Drawstring-Side-Split-Thigh-Skirt-p-3365070-cat-1732.html?scici=navbar_WomenHomePage~~tab01navbar04menu03dir01~~4_3_1~~real_1732~~~~0,SHEIN SXY на кулиске Высокий разрез Одноцветный Сексуальный Женские юбки,https://sheinsz.ltwebstatic.com/she_dist/images/bg-grey-ba96515e9b.png
https://ru.shein.com//SHEIN-Plaid-Color-Block-Wrap-Tie-Side-Skirt-p-8648157-cat-1732.html?scici=navbar_WomenHomePage~~tab01navbar04menu03dir01~~4_3_1~~real_1732~~~~0,SHEIN Юбка в клетку контрастный с запахом с узлом,https://sheinsz.ltwebstatic.com/she_dist/images/bg-grey-ba96515e9b.png
https://ru.shein.com//DAZY-Ditsy-Floral-Print-A-Line-Skirt-p-2997762-cat-1732.html?scici=navbar_WomenHomePage~~tab01navbar04menu03dir01~~4_3_1~~real_1732~~~~0,DAZY Юбка с цветочным принтом,https://sheinsz.ltwebstatic.com/she_dist/images/bg-grey-ba96515e9b.png
https://ru.shein.com//SHEIN-Split-Hem-Cord-Skirt-p-1481844-cat-1732.html?scici=navbar_WomenHomePage~~tab01navbar04menu03dir01~~4_3_1~~real_1732~~~~0,SHEIN Вельветовая юбка с разрезом,https://sheinsz.ltwebstatic.com/she_dist/images/bg-grey-ba96515e9b.png
https://ru.shein.com//Floral-Fringe-Trim-Split-Thigh-Paperbag-Skirt-p-1050146-cat-1732.html?scici=navbar_WomenHomePage~~tab01navbar04menu03dir01~~4_3_1~~real_1732~~~~0,Юбка с цветочным рисунком с бахромой с присборенной талией,https://sheinsz.ltwebstatic.com/she_dist/images/bg-grey-ba96515e9b.png
https://ru.shein.com//SHEIN-Plaid-Print-Flare-Skirt-p-1919890-cat-1732.html?scici=navbar_WomenHomePage~~tab01navbar04menu03dir01~~4_3_1~~real_1732~~~~0,SHEIN Расклешенная юбка в клетку,https://sheinsz.ltwebstatic.com/she_dist/images/bg-grey-ba96515e9b.png
https://ru.shein.com//Ditsy-Floral-Ruffle-Hem-A-line-Skirt-p-7310262-cat-1732.html?scici=navbar_WomenHomePage~~tab01navbar04menu03dir01~~4_3_1~~real_1732~~~~0,Юбка с цветочным принтом,https://sheinsz.ltwebstatic.com/she_dist/images/bg-grey-ba96515e9b.png
https://ru.shein.com//ROMWE-Contrast-Mesh-Skirt-p-9828443-cat-1732.html?scici=navbar_WomenHomePage~~tab01navbar04menu03dir01~~4_3_1~~real_1732~~~~0,ROMWE Юбка контрастный сетчатый,https://sheinsz.ltwebstatic.com/she_dist/images/bg-grey-ba96515e9b.png
https://ru.shein.com//SHEIN-Ditsy-Floral-Zipper-Placket-Skirt-p-3908591-cat-1732.html?scici=navbar_WomenHomePage~~tab01navbar04menu03dir01~~4_3_1~~real_1732~~~~0,SHEIN Юбка с цветочным принтом с молнией,https://sheinsz.ltwebstatic.com/she_dist/images/bg-grey-ba96515e9b.png
https://ru.shein.com//High-Waist-Belted-Flare-Skirt-p-3631741-cat-1732.html?scici=navbar_WomenHomePage~~tab01navbar04menu03dir01~~4_3_1~~real_1732~~~~0,Расклешенная юбка с высокой талией с поясом,https://sheinsz.ltwebstatic.com/she_dist/images/bg-grey-ba96515e9b.png
https://ru.shein.com//SHEIN-Paperbag-Waist-Self-Buckle-Belted-Skirt-p-2082498-cat-1732.html?scici=navbar_WomenHomePage~~tab01navbar04menu03dir01~~4_3_1~~real_1732~~~~0,SHEIN Юбка с поясом и присборенной талией,https://sheinsz.ltwebstatic.com/she_dist/images/bg-grey-ba96515e9b.png
https://ru.shein.com//Solid-Single-Breasted-Flare-Skirt-p-3433381-cat-1732.html?scici=navbar_WomenHomePage~~tab01navbar04menu03dir01~~4_3_1~~real_1732~~~~0,Расклешенная юбка однобортный,https://sheinsz.ltwebstatic.com/she_dist/images/bg-grey-ba96515e9b.png
https://ru.shein.com//SHEIN-Elastic-Waist-Solid-Flare-Skirt-p-1988741-cat-1732.html?scici=navbar_WomenHomePage~~tab01navbar04menu03dir01~~4_3_1~~real_1732~~~~0,SHEIN Расклешенная юбка с эластичной талией,https://sheinsz.ltwebstatic.com/she_dist/images/bg-grey-ba96515e9b.png
https://ru.shein.com//ROMWE-Plaid-Contrast-Lace-Pleated-Skirt-p-9828428-cat-1732.html?scici=navbar_WomenHomePage~~tab01navbar04menu03dir01~~4_3_1~~real_1732~~~~0,ROMWE Юбка в складку в клетку с кружевной отделкой,https://sheinsz.ltwebstatic.com/she_dist/images/bg-grey-ba96515e9b.png
https://ru.shein.com//SHEIN-Slit-Hem-Ditsy-Floral-Print-Skirt-p-1028211-cat-1732.html?scici=navbar_WomenHomePage~~tab01navbar04menu03dir01~~4_3_1~~real_1732~~~~0,SHEIN Юбка с цветочным принтом и разрезом,https://sheinsz.ltwebstatic.com/she_dist/images/bg-grey-ba96515e9b.png
https://ru.shein.com//ROMWE-Plaid-Pleated-Skirt-p-4282046-cat-1732.html?scici=navbar_WomenHomePage~~tab01navbar04menu03dir01~~4_3_1~~real_1732~~~~0,ROMWE Юбка в складку в клетку,https://sheinsz.ltwebstatic.com/she_dist/images/bg-grey-ba96515e9b.png
https://ru.shein.com//SHEIN-Zipper-Side-Solid-Satin-Skirt-p-2755828-cat-1732.html?scici=navbar_WomenHomePage~~tab01navbar04menu03dir01~~4_3_1~~real_1732~~~~0,SHEIN Атласная юбка с молнией,https://sheinsz.ltwebstatic.com/she_dist/images/bg-grey-ba96515e9b.png
https://ru.shein.com//High-Waist-Tartan-Pleated-Skirt-p-1881557-cat-1732.html?scici=navbar_WomenHomePage~~tab01navbar04menu03dir01~~4_3_1~~real_1732~~~~0,Юбка в клетку с высокой талией,https://sheinsz.ltwebstatic.com/she_dist/images/bg-grey-ba96515e9b.png
https://ru.shein.com//Plaid-High-Rise-Pleated-Skater-Skirt-p-1471145-cat-1732.html?scici=navbar_WomenHomePage~~tab01navbar04menu03dir01~~4_3_1~~real_1732~~~~0,Юбка в клетку с молнией,https://sheinsz.ltwebstatic.com/she_dist/images/bg-grey-ba96515e9b.png
https://ru.shein.com//ROMWE-Ditsy-Floral-Split-Hem-Skirt-p-9828472-cat-1732.html?scici=navbar_WomenHomePage~~tab01navbar04menu03dir01~~4_3_1~~real_1732~~~~0,ROMWE Юбка с разрезом с цветочным принтом,https://sheinsz.ltwebstatic.com/she_dist/images/bg-grey-ba96515e9b.png
https://ru.shein.com//Solid-Mini-Pleated-Skirt-p-2086875-cat-1732.html?scici=navbar_WomenHomePage~~tab01navbar04menu03dir01~~4_3_1~~real_1732~~~~0,Однотонная юбка мини,https://sheinsz.ltwebstatic.com/she_dist/images/bg-grey-ba96515e9b.png
https://ru.shein.com//Ditsy-Floral-Split-Thigh-Skirt-p-3428614-cat-1732.html?scici=navbar_WomenHomePage~~tab01navbar04menu03dir01~~4_3_1~~real_1732~~~~0,Юбка с цветочным принтом с высоким разрезом,https://sheinsz.ltwebstatic.com/she_dist/images/bg-grey-ba96515e9b.png
https://ru.shein.com//Solid-Slit-Hem-Mini-Skirt-p-1884991-cat-1732.html?scici=navbar_WomenHomePage~~tab01navbar04menu03dir01~~4_3_1~~real_1732~~~~0,на молнии Одноцветный Повседневный Юбки,https://sheinsz.ltwebstatic.com/she_dist/images/bg-grey-ba96515e9b.png
https://ru.shein.com//Polka-Dot-Elastic-Waist-Skirt-p-2927253-cat-1732.html?scici=navbar_WomenHomePage~~tab01navbar04menu03dir01~~4_3_1~~real_1732~~~~0,Юбка в горошек,https://sheinsz.ltwebstatic.com/she_dist/images/bg-grey-ba96515e9b.png
https://ru.shein.com//Plaid-Flared-Mini-Skirt-p-2042544-cat-1732.html?scici=navbar_WomenHomePage~~tab01navbar04menu03dir01~~4_3_1~~real_1732~~~~0,Расклешенная юбка мини в клетку,https://sheinsz.ltwebstatic.com/she_dist/images/bg-grey-ba96515e9b.png
https://ru.shein.com//DAZY-Solid-Elastic-Waist-Skirt-p-9047887-cat-1732.html?scici=navbar_WomenHomePage~~tab01navbar04menu03dir01~~4_3_1~~real_1732~~~~0,DAZY Юбка однотонный с эластичной талией,https://sheinsz.ltwebstatic.com/she_dist/images/bg-grey-ba96515e9b.png
https://ru.shein.com//SHEIN-Tartan-Pleated-Hem-Skirt-p-2564971-cat-1732.html?scici=navbar_WomenHomePage~~tab01navbar04menu03dir01~~4_3_1~~real_1732~~~~0,SHEIN Юбка в клетку Плиссированный,https://sheinsz.ltwebstatic.com/she_dist/images/bg-grey-ba96515e9b.png
https://ru.shein.com//Solid-Drawstring-Split-Thigh-Skirt-p-2200467-cat-1732.html?scici=navbar_WomenHomePage~~tab01navbar04menu03dir01~~4_3_1~~real_1732~~~~0,Однотонная юбка на кулиске,https://sheinsz.ltwebstatic.com/she_dist/images/bg-grey-ba96515e9b.png
https://ru.shein.com//DAZY-High-Waist-Ditsy-Floral-Skirt-p-3273593-cat-1732.html?scici=navbar_WomenHomePage~~tab01navbar04menu03dir01~~4_3_1~~real_1732~~~~0,DAZY Юбка с высокой талией и цветочным принтом,https://sheinsz.ltwebstatic.com/she_dist/images/bg-grey-ba96515e9b.png
https://ru.shein.com//DAZY-High-Waist-Tie-Side-Wrap-Hem-PU-Leather-Skirt-p-6722132-cat-1732.html?scici=navbar_WomenHomePage~~tab01navbar04menu03dir01~~4_3_1~~real_1732~~~~0,DAZY Юбка с высокой талией с узлом из искусственной кожи,https://sheinsz.ltwebstatic.com/she_dist/images/bg-grey-ba96515e9b.png
https://ru.shein.com//ROMWE-Contrast-Mesh-Lace-Up-Skirt-p-4281366-cat-1732.html?scici=navbar_WomenHomePage~~tab01navbar04menu03dir01~~4_3_1~~real_1732~~~~0,ROMWE Контрастная сетка на шнурках Одноцветный Очаровательный Женские юбки,https://sheinsz.ltwebstatic.com/she_dist/images/bg-grey-ba96515e9b.png
https://ru.shein.com//ROMWE-Paws-Print-Pinafore-Skirt-p-9785503-cat-1732.html?scici=navbar_WomenHomePage~~tab01navbar04menu03dir01~~4_3_1~~real_1732~~~~0,ROMWE Юбка-сарафан с принтом,https://sheinsz.ltwebstatic.com/she_dist/images/bg-grey-ba96515e9b.png
https://ru.shein.com//SHEIN-PETITE-High-Waist-Pencil-Skirt-p-3496616-cat-1732.html?scici=navbar_WomenHomePage~~tab01navbar04menu03dir01~~4_3_1~~real_1732~~~~0,SHEIN PETITE Юбка-карандаш с высокой талией,https://sheinsz.ltwebstatic.com/she_dist/images/bg-grey-ba96515e9b.png
https://ru.shein.com//SHEIN-Buckle-Strap-Pleated-Skirt-p-1977658-cat-1732.html?scici=navbar_WomenHomePage~~tab01navbar04menu03dir01~~4_3_1~~real_1732~~~~0,SHEIN Юбка в складку с пряжкой,https://sheinsz.ltwebstatic.com/she_dist/images/bg-grey-ba96515e9b.png
https://ru.shein.com//DAZY-Button-Side-Wrap-Skirt-p-5691667-cat-1732.html?scici=navbar_WomenHomePage~~tab01navbar04menu03dir01~~4_3_1~~real_1732~~~~0,DAZY Юбка с запахом и пуговицами,https://sheinsz.ltwebstatic.com/she_dist/images/bg-grey-ba96515e9b.png
https://ru.shein.com//Fake-Button-Split-Hem-PU-Skirt-p-7442887-cat-1732.html?scici=navbar_WomenHomePage~~tab01navbar04menu03dir01~~4_3_1~~real_1732~~~~0,Юбка с поддельными пуговицами с разрезом из искусственной кожи,https://sheinsz.ltwebstatic.com/she_dist/images/bg-grey-ba96515e9b.png
https://ru.shein.com//High-Waist-Solid-Belted-Skirt-p-7078237-cat-1732.html?scici=navbar_WomenHomePage~~tab01navbar04menu03dir01~~4_3_1~~real_1732~~~~0,Юбка с высокой талией с поясом,https://sheinsz.ltwebstatic.com/she_dist/images/bg-grey-ba96515e9b.png
https://ru.shein.com//DAZY-Grommet-Lace-Up-Front-Skort-p-8856752-cat-1732.html?scici=navbar_WomenHomePage~~tab01navbar04menu03dir01~~4_3_1~~real_1732~~~~0,DAZY Юбка-шорты с ушком на шнурках,https://sheinsz.ltwebstatic.com/she_dist/images/bg-grey-ba96515e9b.png
https://ru.shein.com//SHEIN-Solid-Fold-Pleated-Skater-Skirt-p-1364589-cat-1732.html?scici=navbar_WomenHomePage~~tab01navbar04menu03dir01~~4_3_1~~real_1732~~~~0,SHEIN Однотонная юбка со складками,https://sheinsz.ltwebstatic.com/she_dist/images/bg-grey-ba96515e9b.png
https://ru.shein.com//DAZY-Guipure-Lace-Insert-Flared-Skirt-p-3190016-cat-1732.html?scici=navbar_WomenHomePage~~tab01navbar04menu03dir01~~4_3_1~~real_1732~~~~0,DAZY Контрастные кружева Одноцветный Повседневный Женские юбки,https://sheinsz.ltwebstatic.com/she_dist/images/bg-grey-ba96515e9b.png
https://ru.shein.com//Split-Thigh-Allover-Print-Skirt-p-6516352-cat-1732.html?scici=navbar_WomenHomePage~~tab01navbar04menu03dir01~~4_3_1~~real_1732~~~~0,Юбка с высоким разрезом с принтом,https://sheinsz.ltwebstatic.com/she_dist/images/bg-grey-ba96515e9b.png
https://ru.shein.com//Wide-Waistband-Flare-Skirt-p-4629457-cat-1732.html?scici=navbar_WomenHomePage~~tab01navbar04menu03dir01~~4_3_1~~real_1732~~~~0,Расклешенная юбка,https://sheinsz.ltwebstatic.com/she_dist/images/bg-grey-ba96515e9b.png
https://ru.shein.com//DAZY-Ruched-Ruffle-Hem-Skirt-p-2604370-cat-1732.html?scici=navbar_WomenHomePage~~tab01navbar04menu03dir01~~4_3_1~~real_1732~~~~0,DAZY Юбка со сборками с оборками,https://sheinsz.ltwebstatic.com/she_dist/images/bg-grey-ba96515e9b.png
https://ru.shein.com//Ditsy-Floral-Print-Button-Detail-Split-Thigh-Skirt-p-8463252-cat-1732.html?scici=navbar_WomenHomePage~~tab01navbar04menu03dir01~~4_3_1~~real_1732~~~~0,Юбка с цветочным принтом с пуговицами с высоким разрезом,https://sheinsz.ltwebstatic.com/she_dist/images/bg-grey-ba96515e9b.png
https://ru.shein.com//Solid-Pleated-Mini-Skirt-p-1971108-cat-1732.html?scici=navbar_WomenHomePage~~tab01navbar04menu03dir01~~4_3_1~~real_1732~~~~0,Юбка мини плиссированное,https://sheinsz.ltwebstatic.com/she_dist/images/bg-grey-ba96515e9b.png
https://ru.shein.com//SHEIN-High-Waist-Zip-Back-Knot-Swing-Skirt-p-691141-cat-1732.html?scici=navbar_WomenHomePage~~tab01navbar04menu03dir01~~4_3_1~~real_1732~~~~0,SHEIN Расклешенная Юбка Миди С Широким Поясом-Бантом,https://sheinsz.ltwebstatic.com/she_dist/images/bg-grey-ba96515e9b.png
https://ru.shein.com//High-Waisted-Zipper-Side-Pleated-Skirt-p-2339029-cat-1732.html?scici=navbar_WomenHomePage~~tab01navbar04menu03dir01~~4_3_1~~real_1732~~~~0,на молнии Одноцветный Институтский Юбки,https://sheinsz.ltwebstatic.com/she_dist/images/bg-grey-ba96515e9b.png
https://ru.shein.com//Ditsy-Floral-Print-Split-Thigh-Skirt-p-2457999-cat-1732.html?scici=navbar_WomenHomePage~~tab01navbar04menu03dir01~~4_3_1~~real_1732~~~~0,Юбка с цветочным принтом,https://sheinsz.ltwebstatic.com/she_dist/images/bg-grey-ba96515e9b.png
https://ru.shein.com//ROMWE-X-Herminedecrayon-Starsalign-Scorpion-Letter-Figure-Graphic-Split-Skirt-p-8192032-cat-1732.html?scici=navbar_WomenHomePage~~tab01navbar04menu03dir01~~4_3_1~~real_1732~~~~0,ROMWE X Herminedecrayon Объект Хэллоуин Повседневный Женские юбки,https://sheinsz.ltwebstatic.com/she_dist/images/bg-grey-ba96515e9b.png
https://ru.shein.com//Dazy-Less-Plicated-Detail-Slant-Pocket-Split-Hem-Skirt-p-9043327-cat-1732.html?scici=navbar_WomenHomePage~~tab01navbar04menu03dir01~~4_3_1~~real_1732~~~~0,Dazy-Less Юбка с разрезом с карманом,https://sheinsz.ltwebstatic.com/she_dist/images/bg-grey-ba96515e9b.png
https://ru.shein.com//DAZY-Elastic-Waist-Ruffle-Hem-Flare-Skirt-p-3128160-cat-1732.html?scici=navbar_WomenHomePage~~tab01navbar04menu03dir01~~4_3_1~~real_1732~~~~0,DAZY Расклешенная юбка с эластичной талией с оборками,https://sheinsz.ltwebstatic.com/she_dist/images/bg-grey-ba96515e9b.png
https://ru.shein.com//SHEIN-Split-Hem-Plaid-Skirt-p-1269806-cat-1732.html?scici=navbar_WomenHomePage~~tab01navbar04menu03dir01~~4_3_1~~real_1732~~~~0,SHEIN Юбка в клетку с разрезом,https://sheinsz.ltwebstatic.com/she_dist/images/bg-grey-ba96515e9b.png
https://ru.shein.com//SHEIN-PETITE-Buckled-Button-Detail-Asymmetrical-Hem-Pleated-Skirt-p-8259962-cat-1732.html?scici=navbar_WomenHomePage~~tab01navbar04menu03dir01~~4_3_1~~real_1732~~~~0,SHEIN PETITE Юбка в складку с пряжкой с пуговицами асимметричный,https://sheinsz.ltwebstatic.com/she_dist/images/bg-grey-ba96515e9b.png
https://ru.shein.com//ROMWE-Cancer-Solid-Contrast-Mesh-Layered-Skirt-p-8190732-cat-1732.html?scici=navbar_WomenHomePage~~tab01navbar04menu03dir01~~4_3_1~~real_1732~~~~0,ROMWE Юбка контрастный сетчатый многослойный,https://sheinsz.ltwebstatic.com/she_dist/images/bg-grey-ba96515e9b.png
https://ru.shein.com//SHEIN-PETITE-Pin-Detail-Asymmetrical-Hem-Skirt-p-6968287-cat-1732.html?scici=navbar_WomenHomePage~~tab01navbar04menu03dir01~~4_3_1~~real_1732~~~~0,SHEIN PETITE Юбка асимметричный,https://sheinsz.ltwebstatic.com/she_dist/images/bg-grey-ba96515e9b.png
https://ru.shein.com//DAZY-High-Waist-Fake-Button-Skirt-p-8123587-cat-1732.html?scici=navbar_WomenHomePage~~tab01navbar04menu03dir01~~4_3_1~~real_1732~~~~0,DAZY Юбка с высокой талией с поддельными пуговицами,https://sheinsz.ltwebstatic.com/she_dist/images/bg-grey-ba96515e9b.png
https://ru.shein.com//DAZY-High-Waist-Plaid-A-line-Skirt-p-3978686-cat-1732.html?scici=navbar_WomenHomePage~~tab01navbar04menu03dir01~~4_3_1~~real_1732~~~~0,DAZY Юбка А-силуэта с высокой талией в клетку,https://sheinsz.ltwebstatic.com/she_dist/images/bg-grey-ba96515e9b.png
https://ru.shein.com//DAZY-Solid-Ruffle-Hem-Skirt-p-3490322-cat-1732.html?scici=navbar_WomenHomePage~~tab01navbar04menu03dir01~~4_3_1~~real_1732~~~~0,DAZY С оборками Одноцветный Повседневный Женские юбки,https://sheinsz.ltwebstatic.com/she_dist/images/bg-grey-ba96515e9b.png
https://ru.shein.com//SHEIN-Zipper-Side-Solid-Pleated-Skirt-p-3191785-cat-1732.html?scici=navbar_WomenHomePage~~tab01navbar04menu03dir01~~4_3_1~~real_1732~~~~0,SHEIN Юбка в складку с молнией,https://sheinsz.ltwebstatic.com/she_dist/images/bg-grey-ba96515e9b.png
https://ru.shein.com//ROMWE-Fuzzy-Hem-Plaid-Lace-Up-Skirt-p-5912207-cat-1732.html?scici=navbar_WomenHomePage~~tab01navbar04menu03dir01~~4_3_1~~real_1732~~~~0,ROMWE Юбка из плюша край в клетку на шнуровке,https://sheinsz.ltwebstatic.com/she_dist/images/bg-grey-ba96515e9b.png
https://ru.shein.com//DAZY-High-Waist-Ditsy-Floral-Skirt-p-3411622-cat-1732.html?scici=navbar_WomenHomePage~~tab01navbar04menu03dir01~~4_3_1~~real_1732~~~~0,DAZY Юбка с высокой талией с цветочным принтом,https://sheinsz.ltwebstatic.com/she_dist/images/bg-grey-ba96515e9b.png
https://ru.shein.com//High-Waist-Ditsy-Floral-Fake-Button-Split-Thigh-Skirt-p-8519387-cat-1732.html?scici=navbar_WomenHomePage~~tab01navbar04menu03dir01~~4_3_1~~real_1732~~~~0,Юбка с высокой талией и цветочным принтом,https://sheinsz.ltwebstatic.com/she_dist/images/bg-grey-ba96515e9b.png
https://ru.shein.com//SHEIN-Wide-Waist-Pleated-Mesh-Skirt-p-665043-cat-1732.html?scici=navbar_WomenHomePage~~tab01navbar04menu03dir01~~4_3_1~~real_1732~~~~0,SHEIN Сетчатая юбка со складками и широкой талией,https://sheinsz.ltwebstatic.com/she_dist/images/bg-grey-ba96515e9b.png
https://ru.shein.com//Ditsy-Floral-Split-Thigh-Skirt-p-3035391-cat-1732.html?scici=navbar_WomenHomePage~~tab01navbar04menu03dir01~~4_3_1~~real_1732~~~~0,Юбка с разрезом и цветочным принтом,https://sheinsz.ltwebstatic.com/she_dist/images/bg-grey-ba96515e9b.png
https://ru.shein.com//Ditsy-Floral-Print-Slit-Hem-Skirt-p-2270864-cat-1732.html?scici=navbar_WomenHomePage~~tab01navbar04menu03dir01~~4_3_1~~real_1732~~~~0,Юбка с цветочным принтом разрез,https://sheinsz.ltwebstatic.com/she_dist/images/bg-grey-ba96515e9b.png
https://ru.shein.com//DAZY-Solid-Elastic-Waist-Skirt-p-2447646-cat-1732.html?scici=navbar_WomenHomePage~~tab01navbar04menu03dir01~~4_3_1~~real_1732~~~~0,DAZY Юбка с эластичной талией,https://sheinsz.ltwebstatic.com/she_dist/images/bg-grey-ba96515e9b.png
https://ru.shein.com//Allover-Print-Maxi-Skirt-p-2741970-cat-1732.html?scici=navbar_WomenHomePage~~tab01navbar04menu03dir01~~4_3_1~~real_1732~~~~0,Юбка с принтом макси,https://sheinsz.ltwebstatic.com/she_dist/images/bg-grey-ba96515e9b.png
https://ru.shein.com//DAZY-Polka-Dot-Flare-Skirt-p-9154062-cat-1732.html?scici=navbar_WomenHomePage~~tab01navbar04menu03dir01~~4_3_1~~real_1732~~~~0,DAZY Расклешенная юбка в горошек,https://sheinsz.ltwebstatic.com/she_dist/images/bg-grey-ba96515e9b.png
